{
    "metrics": {
        "mcp_tool_latency_ms": {
            "med": 38,
            "max": 121,
            "p(90)": 47,
            "p(95)": 49,
            "avg": 38.534874420092784,
            "min": 5
        },
        "http_req_duration": {
            "max": 120.686,
            "p(90)": 44.2204,
            "p(95)": 47.316,
            "avg": 29.967917953948117,
            "min": 1.378,
            "med": 34.07
        },
        "http_req_duration{expected_response:true}": {
            "p(90)": 44.2204,
            "p(95)": 47.316,
            "avg": 29.967917953948117,
            "min": 1.378,
            "med": 34.07,
            "max": 120.686
        },
        "data_sent": {
            "count": 118469232,
            "rate": 1971814.0773824286
        },
        "iterations": {
            "count": 25004,
            "rate": 416.1691466934659
        },
        "http_req_receiving": {
            "avg": 0.03056114460541484,
            "min": 0.004,
            "med": 0.027,
            "max": 1.804,
            "p(90)": 0.052,
            "p(95)": 0.064
        },
        "http_req_blocked": {
            "p(95)": 0.002,
            "avg": 0.002754311767001093,
            "min": 0,
            "med": 0.001,
            "max": 1.884,
            "p(90)": 0.002
        },
        "http_req_connecting": {
            "max": 1.843,
            "p(90)": 0,
            "p(95)": 0,
            "avg": 0.0013639381305178054,
            "min": 0,
            "med": 0
        },
        "http_req_failed": {
            "passes": 0,
            "fails": 100017,
            "value": 0
        },
        "mcp_tool_errors": {
            "count": 0,
            "rate": 0,
            "thresholds": {
                "count<1": false
            }
        },
        "http_req_tls_handshaking": {
            "med": 0,
            "max": 0,
            "p(90)": 0,
            "p(95)": 0,
            "avg": 0,
            "min": 0
        },
        "vus": {
            "value": 50,
            "min": 50,
            "max": 50
        },
        "vus_max": {
            "value": 50,
            "min": 50,
            "max": 50
        },
        "http_req_waiting": {
            "avg": 29.930650719377194,
            "min": 1.351,
            "med": 34.034,
            "max": 120.642,
            "p(90)": 44.185,
            "p(95)": 47.276
        },
        "checks": {
            "fails": 0,
            "passes": 50008,
            "value": 1
        },
        "http_reqs": {
            "count": 100017,
            "rate": 1664.693230876675
        },
        "http_req_sending": {
            "p(95)": 0.013,
            "avg": 0.006706089964705091,
            "min": 0.002,
            "med": 0.006,
            "max": 0.873,
            "p(90)": 0.01
        },
        "data_received": {
            "count": 119414023,
            "rate": 1987539.275921609
        },
        "iteration_duration": {
            "med": 119.180521,
            "max": 218.703125,
            "p(90)": 134.7359037,
            "p(95)": 140.0414124,
            "avg": 120.06037526627706,
            "min": 67.56875
        }
    },
    "setup_data": {
        "token": "eyJhbGciOiJSUzI1NiIsInR5cCIgOiAiSldUIiwia2lkIiA6ICJ6TlR3Uy1xbGZ4X3V6RzFnb2JTaHJoZlotOFFROWE0YUFmMzJzdkxfYW1FIn0.eyJleHAiOjE3NzY4MTE2MTUsImlhdCI6MTc3NjgwODAxNSwianRpIjoiNzAzODRmMDMtOTk1Yi00MTUwLTkxOTUtMDZlNTNkYjYxNDcyIiwiaXNzIjoiaHR0cDovL2xvY2FsaG9zdDo4MTgwL3JlYWxtcy9tb2NhcGktZGVtbyIsImF1ZCI6Imh0dHA6Ly9sb2NhbGhvc3Q6ODA4MC9tY3AiLCJzdWIiOiJjN2E1M2IxYi1mYzVjLTQ5ZTEtYTA1MS0wMmExZmIxNTJmYmEiLCJ0eXAiOiJCZWFyZXIiLCJhenAiOiJtZXJpZGlhbi1vbmNhbGwiLCJzY29wZSI6ImNhdGFsb2c6cmVhZCBjYXRhbG9nOmFuYWx5emUifQ.ImXlrDiIXY-PbxjDfRRddPn0CoEGaMyfBdD_92Mywn6duh4nI6sgsniqEEDhNpEzLnzfbdNlBI6HM-9cSYHmMQbfNqv5XiT_fZ08lToZwdOfYMOBI4V3pYOQvYAc_WFdXMEEdGlpySr0CGLQiKaq0IrpqC-PEtxn946e4-GL1OZelKKDjCpROa3ktyWesQHrbtBzYen6Vb9FVsy_9ZrE0OKqcDHRdlU2DftJ1jEe5uiPzjWyKZRxwV4K19zuNKSyOA7xtAQHe1tpd67LDiZkxOn2_uG_Gz3IrFMOruRRE3GVywaEhbjcrLI2bRRcHc9VdZwyhl2Dh3HpG6l_KZRbwA"
    },
    "root_group": {
        "name": "",
        "path": "",
        "id": "d41d8cd98f00b204e9800998ecf8427e",
        "groups": {},
        "checks": {
                "service-lookup 200": {
                    "name": "service-lookup 200",
                    "path": "::service-lookup 200",
                    "id": "185041b1586a49c42a9602a84819961a",
                    "passes": 25004,
                    "fails": 0
                },
                "blast-radius 200": {
                    "fails": 0,
                    "name": "blast-radius 200",
                    "path": "::blast-radius 200",
                    "id": "22b28707d897a2a24dab604b68ed4b5c",
                    "passes": 25004
                }
            }
    }
}