{
    "metrics": {
        "http_req_connecting": {
            "avg": 0.0013351052519668329,
            "min": 0,
            "med": 0,
            "max": 0.741,
            "p(90)": 0,
            "p(95)": 0
        },
        "iteration_duration": {
            "avg": 72.92423978049105,
            "min": 39.870375,
            "med": 70.594625,
            "max": 207.035292,
            "p(90)": 81.0515,
            "p(95)": 85.84014549999999
        },
        "data_received": {
            "rate": 3272803.6258126376,
            "count": 196527842
        },
        "iterations": {
            "count": 41151,
            "rate": 685.2929367932297
        },
        "http_req_failed": {
            "passes": 0,
            "fails": 164605,
            "value": 0
        },
        "mcp_tool_errors": {
            "count": 0,
            "rate": 0,
            "thresholds": {
                "count<1": false
            }
        },
        "checks": {
            "passes": 82302,
            "fails": 0,
            "value": 1
        },
        "http_req_duration": {
            "avg": 18.18601253910859,
            "min": 1.697,
            "med": 17.808,
            "max": 160.764,
            "p(90)": 28.404,
            "p(95)": 31.680799999999994
        },
        "http_req_duration{expected_response:true}": {
            "avg": 18.18601253910859,
            "min": 1.697,
            "med": 17.808,
            "max": 160.764,
            "p(90)": 28.404,
            "p(95)": 31.680799999999994
        },
        "http_req_waiting": {
            "min": 1.656,
            "med": 17.78,
            "max": 160.734,
            "p(90)": 28.371,
            "p(95)": 31.641,
            "avg": 18.153523866225086
        },
        "http_req_receiving": {
            "avg": 0.02722671243279497,
            "min": 0.004,
            "med": 0.015,
            "max": 114.292,
            "p(90)": 0.052,
            "p(95)": 0.075
        },
        "vus": {
            "value": 50,
            "min": 50,
            "max": 50
        },
        "http_reqs": {
            "count": 164605,
            "rate": 2741.1884003025343
        },
        "http_req_tls_handshaking": {
            "avg": 0,
            "min": 0,
            "med": 0,
            "max": 0,
            "p(90)": 0,
            "p(95)": 0
        },
        "http_req_sending": {
            "med": 0.004,
            "max": 1.578,
            "p(90)": 0.009,
            "p(95)": 0.012,
            "avg": 0.0052619604507801844,
            "min": 0.002
        },
        "mcp_tool_latency_ms": {
            "p(95)": 35,
            "avg": 24.410160141916357,
            "min": 4,
            "med": 24,
            "max": 160,
            "p(90)": 31
        },
        "data_sent": {
            "count": 194973718,
            "rate": 3246922.597402615
        },
        "vus_max": {
            "max": 50,
            "value": 50,
            "min": 50
        },
        "http_req_blocked": {
            "avg": 0.0026065429361149263,
            "min": 0,
            "med": 0.001,
            "max": 0.827,
            "p(90)": 0.002,
            "p(95)": 0.003
        }
    },
    "setup_data": {
        "token": "eyJhbGciOiJSUzI1NiIsInR5cCIgOiAiSldUIiwia2lkIiA6ICJ6TlR3Uy1xbGZ4X3V6RzFnb2JTaHJoZlotOFFROWE0YUFmMzJzdkxfYW1FIn0.eyJleHAiOjE3NzY4MDk0NzMsImlhdCI6MTc3NjgwNTg3MywianRpIjoiNWZlNzI3YmEtNTZmZi00ZDBjLTkwYjQtNTM2ODllY2Y1MmY5IiwiaXNzIjoiaHR0cDovL2xvY2FsaG9zdDo4MTgwL3JlYWxtcy9tb2NhcGktZGVtbyIsImF1ZCI6Imh0dHA6Ly9sb2NhbGhvc3Q6ODA4MC9tY3AiLCJzdWIiOiJjN2E1M2IxYi1mYzVjLTQ5ZTEtYTA1MS0wMmExZmIxNTJmYmEiLCJ0eXAiOiJCZWFyZXIiLCJhenAiOiJtZXJpZGlhbi1vbmNhbGwiLCJzY29wZSI6ImNhdGFsb2c6cmVhZCBjYXRhbG9nOmFuYWx5emUifQ.YAkvWQW4GnJii7LTxlUF3JC47GtTiqLW73PEUZILZzbjv-MTukIh1PM3uMgfKC48RfsoK3q4j0CJc6FbwHjKCQuSBZj4kUfpq6iYC5WlDM37aSZQ_ATXXIMf1uWUk1cFonKRlJPrEPg8NZOhv5w95jyYM57EmtR7UaoMi3-g-RMQbzKYnLLHKH_6u_5QeoxBVOnbZDG5kf24l4GHj3N-6IQfKceC1iA4DUdEjEwFqT409rRAWIbAkKv7-kWr1GQcloQTAnl9cMWu02gSFCoc-gh8cAyA7sLGi-SQTsfBNBbiykxp7NEvXHIYfGVzRV_WlkglxbLwWOAe-nAwH2LTcQ"
    },
    "root_group": {
        "name": "",
        "path": "",
        "id": "d41d8cd98f00b204e9800998ecf8427e",
        "groups": {},
        "checks": {
                "service-lookup 200": {
                    "path": "::service-lookup 200",
                    "id": "185041b1586a49c42a9602a84819961a",
                    "passes": 41151,
                    "fails": 0,
                    "name": "service-lookup 200"
                },
                "blast-radius 200": {
                    "id": "22b28707d897a2a24dab604b68ed4b5c",
                    "passes": 41151,
                    "fails": 0,
                    "name": "blast-radius 200",
                    "path": "::blast-radius 200"
                }
            }
    }
}