{
    "root_group": {
        "name": "",
        "path": "",
        "id": "d41d8cd98f00b204e9800998ecf8427e",
        "groups": {},
        "checks": {
                "service-lookup 200": {
                    "passes": 38725,
                    "fails": 0,
                    "name": "service-lookup 200",
                    "path": "::service-lookup 200",
                    "id": "185041b1586a49c42a9602a84819961a"
                },
                "blast-radius 200": {
                    "id": "22b28707d897a2a24dab604b68ed4b5c",
                    "passes": 38725,
                    "fails": 0,
                    "name": "blast-radius 200",
                    "path": "::blast-radius 200"
                }
            }
    },
    "metrics": {
        "http_reqs": {
            "count": 154901,
            "rate": 2580.2277408571244
        },
        "vus_max": {
            "value": 25,
            "min": 25,
            "max": 25
        },
        "http_req_blocked": {
            "avg": 0.002370681919416362,
            "min": 0,
            "med": 0.001,
            "max": 0.58,
            "p(90)": 0.002,
            "p(95)": 0.002
        },
        "http_req_waiting": {
            "avg": 9.604132252212759,
            "min": 1.331,
            "med": 9.24,
            "max": 106.443,
            "p(90)": 15.313,
            "p(95)": 17.594
        },
        "http_req_duration{expected_response:true}": {
            "p(90)": 15.353,
            "p(95)": 17.654,
            "avg": 9.641885346124136,
            "min": 1.376,
            "med": 9.276,
            "max": 106.477
        },
        "data_sent": {
            "count": 183479330,
            "rate": 3056264.6925447793
        },
        "iteration_duration": {
            "avg": 38.74016520389962,
            "min": 25.546625,
            "med": 36.887875,
            "max": 134.718458,
            "p(90)": 43.547117,
            "p(95)": 46.802082999999996
        },
        "data_received": {
            "count": 184942362,
            "rate": 3080634.8112151665
        },
        "http_req_sending": {
            "avg": 0.005332057249472094,
            "min": 0.001,
            "med": 0.004,
            "max": 0.618,
            "p(90)": 0.009,
            "p(95)": 0.012
        },
        "checks": {
            "passes": 77450,
            "fails": 0,
            "value": 1
        },
        "http_req_tls_handshaking": {
            "min": 0,
            "med": 0,
            "max": 0,
            "p(90)": 0,
            "p(95)": 0,
            "avg": 0
        },
        "http_req_receiving": {
            "avg": 0.03242103666212812,
            "min": 0.004,
            "med": 0.021,
            "max": 69.313,
            "p(90)": 0.056,
            "p(95)": 0.07
        },
        "http_req_failed": {
            "passes": 0,
            "fails": 154901,
            "value": 0
        },
        "http_req_duration": {
            "avg": 9.641885346124136,
            "min": 1.376,
            "med": 9.276,
            "max": 106.477,
            "p(90)": 15.353,
            "p(95)": 17.654
        },
        "iterations": {
            "rate": 645.0527708968448,
            "count": 38725
        },
        "vus": {
            "value": 25,
            "min": 25,
            "max": 25
        },
        "mcp_tool_errors": {
            "count": 0,
            "rate": 0,
            "thresholds": {
                "count<1": false
            }
        },
        "mcp_tool_latency_ms": {
            "p(95)": 20,
            "avg": 13.478321497740477,
            "min": 4,
            "med": 13,
            "max": 107,
            "p(90)": 17
        },
        "http_req_connecting": {
            "max": 0.556,
            "p(90)": 0,
            "p(95)": 0,
            "avg": 0.0011118520861711676,
            "min": 0,
            "med": 0
        }
    },
    "setup_data": {
        "token": "eyJhbGciOiJSUzI1NiIsInR5cCIgOiAiSldUIiwia2lkIiA6ICJ6TlR3Uy1xbGZ4X3V6RzFnb2JTaHJoZlotOFFROWE0YUFmMzJzdkxfYW1FIn0.eyJleHAiOjE3NzY4MDc0MzYsImlhdCI6MTc3NjgwMzgzNiwianRpIjoiMGI1M2U3OWEtNmY5ZC00NTQ4LTg1MWEtN2FhZDliZjY5OGIxIiwiaXNzIjoiaHR0cDovL2xvY2FsaG9zdDo4MTgwL3JlYWxtcy9tb2NhcGktZGVtbyIsImF1ZCI6Imh0dHA6Ly9sb2NhbGhvc3Q6ODA4MC9tY3AiLCJzdWIiOiJjN2E1M2IxYi1mYzVjLTQ5ZTEtYTA1MS0wMmExZmIxNTJmYmEiLCJ0eXAiOiJCZWFyZXIiLCJhenAiOiJtZXJpZGlhbi1vbmNhbGwiLCJzY29wZSI6ImNhdGFsb2c6cmVhZCBjYXRhbG9nOmFuYWx5emUifQ.E5x2i_SCo2nxwhvuyReIydAbowKezUpVxjhQjCfrFqucpMjdiEfEFHNBXwIU4q2vrHGtAnZCASn5K8nHbayn3NdAF-BIH7Bq5aY6oqKAMkl-UcZ0oLsXKvq3Mkf_IVaZMkQN-n4j5Zeb3wnlRFeYhzMfxZBa3w9hYz3XjjMy79FRXlesLYZeC5MQgKlIj6TNpFuOUZeob7F0hpXfANIaKc3YVU0h22j3DWbSvX04pbOLVwrqqGZpyjHLprj-oCvjNZjq087ujuTM40enXjDvwImHJh1OdN_vq66jwNPXtICl_b9hgQHJh7KW5XmbBYrS8PF0hiF39BelGc3Dd2onXQ"
    }
}